0.011718758617407232,0.19607843137254902,0.00392156862745098,0.0,0.12756542305638208,0.2362096589608606,9.155413138017853e-05,0.8274509803921568,0.00392156862745098,0.9415597920306809,7.62958079576495e-05,0
0.011718758617407232,0.19607843137254902,0.00392156862745098,0.0,0.6793926909285115,0.9095597772182803,9.155413138017853e-05,0.2196078431372549,0.00392156862745098,0.011872292030680853,7.62958079576495e-05,0
0.011718758617407232,0.19607843137254902,0.00392156862745098,0.0,0.8781872281986725,0.4874799725337606,9.155413138017853e-05,0.9294117647058824,0.00392156862745098,0.29702854203068085,7.62958079576495e-05,0
0.011718758617407232,0.19607843137254902,0.00392156862745098,0.0,0.21289387350270847,0.740642404821851,9.155413138017853e-05,0.29411764705882354,0.00392156862745098,0.26187229203068085,7.62958079576495e-05,0
0.011718758617407232,0.19607843137254902,0.00392156862745098,0.0,0.9007553215838865,0.04382391088731212,9.155413138017853e-05,0.7725490196078432,0.00392156862745098,0.7384347920306809,7.62958079576495e-05,0
0.011718758617407232,0.19607843137254902,0.00392156862745098,0.0,0.2477454795147631,0.6148012512397956,9.155413138017853e-05,0.21568627450980393,0.00392156862745098,0.7306222920306809,7.62958079576495e-05,0
0.011718758617407232,0.19607843137254902,0.00392156862745098,0.0,0.4136110475318532,0.1838559548332952,9.155413138017853e-05,0.8156862745098039,0.00392156862745098,0.7735910420306809,7.62958079576495e-05,0
0.011718758617407232,0.19607843137254902,0.00392156862745098,0.0,0.4574349584191653,0.9987335011825742,9.155413138017853e-05,0.9254901960784314,0.00392156862745098,0.6564035420306809,7.62958079576495e-05,0
0.011718758617407232,0.19607843137254902,0.00392156862745098,0.0,0.6116884107728695,0.4967879758907454,9.155413138017853e-05,0.5058823529411764,0.00392156862745098,0.35171604203068085,7.62958079576495e-05,0
0.011718758617407232,0.19607843137254902,0.00392156862745098,0.0,0.9484092469672694,0.2905012588693065,9.155413138017853e-05,0.30196078431372547,0.00392156862745098,0.5274972920306809,7.62958079576495e-05,0
0.011718758617407232,0.19607843137254902,0.00392156862745098,0.0,0.9302967879758908,0.5101396200503547,9.155413138017853e-05,0.40784313725490196,0.00392156862745098,0.23452854203068085,7.62958079576495e-05,0
0.011718758617407232,0.19607843137254902,0.00392156862745098,0.0,0.559487296864271,0.1919127183947509,9.155413138017853e-05,0.21176470588235294,0.00392156862745098,0.17593479203068085,7.62958079576495e-05,0
0.011718758617407232,0.19607843137254902,0.00392156862745098,0.0,0.43312733653772795,0.5233844510566873,9.155413138017853e-05,0.7176470588235294,0.00392156862745098,0.12905979203068085,7.62958079576495e-05,0
0.011718758617407232,0.19607843137254902,0.00392156862745098,0.0,0.20453192950331883,0.8307469291218433,9.155413138017853e-05,0.4,0.00392156862745098,0.29702854203068085,7.62958079576495e-05,0
0.011718758617407232,0.19607843137254902,0.00392156862745098,0.0,0.41893644617380027,0.8471198596169985,9.155413138017853e-05,0.6196078431372549,0.00392156862745098,0.9259347920306809,7.62958079576495e-05,0
0.011718758617407232,0.19607843137254902,0.00392156862745098,0.0,0.3317463950560769,0.37889677271686883,9.155413138017853e-05,0.9529411764705882,0.00392156862745098,0.9689035420306809,7.62958079576495e-05,0
0.011718758617407232,0.19607843137254902,0.00392156862745098,0.0,0.4839246204318303,0.9991302357518883,9.155413138017853e-05,0.9882352941176471,0.00392156862745098,0.05093479203068085,7.62958079576495e-05,0
0.011718758617407232,0.19607843137254902,0.00392156862745098,0.0,0.8665445944914931,0.31999694819562063,9.155413138017853e-05,0.8509803921568627,0.00392156862745098,0.9024972920306809,7.62958079576495e-05,0
0.011718758617407232,0.19607843137254902,0.00392156862745098,0.0,0.5673609521629663,0.25096513313496605,9.155413138017853e-05,0.20784313725490197,0.00392156862745098,0.8985910420306809,7.62958079576495e-05,0
0.011718758617407232,0.19607843137254902,0.00392156862745098,0.0,0.36966506446936753,0.46633096818493935,9.155413138017853e-05,0.6705882352941176,0.00392156862745098,0.28530979203068085,7.62958079576495e-05,0
0.011718758617407232,0.19607843137254902,0.00392156862745098,0.0,0.46665140764477,0.9582513160906386,9.155413138017853e-05,0.2196078431372549,0.00392156862745098,0.7540597920306809,7.62958079576495e-05,0
0.011718758617407232,0.19607843137254902,0.00392156862745098,0.0,0.9495994506752117,0.9017166399633784,9.155413138017853e-05,0.7686274509803922,0.00392156862745098,0.13296604203068085,7.62958079576495e-05,0
0.011718758617407232,0.19607843137254902,0.00392156862745098,0.0,0.20028992141603724,0.4727702754253452,9.155413138017853e-05,0.21568627450980393,0.00392156862745098,0.21109104203068085,7.62958079576495e-05,0
0.011718758617407232,0.19607843137254902,0.00392156862745098,0.0,0.11180285343709469,0.014023041123064012,9.155413138017853e-05,0.0,0.00392156862745098,0.39859104203068085,7.62958079576495e-05,0
0.011718758617407232,0.19607843137254902,0.00392156862745098,0.0,0.6917524986648356,0.8472724498359655,9.155413138017853e-05,0.6784313725490196,0.00392156862745098,0.8048410420306809,7.62958079576495e-05,0
0.011718758617407232,0.19607843137254902,0.00392156862745098,0.0,0.5092393377584497,0.9072404058899824,9.155413138017853e-05,0.19607843137254902,0.00392156862745098,0.23452854203068085,7.62958079576495e-05,0
0.011718758617407232,0.19607843137254902,0.00392156862745098,0.0,0.7198443579766537,0.15301747158007173,9.155413138017853e-05,0.0,0.00392156862745098,0.48843479203068085,7.62958079576495e-05,0
0.011718758617407232,0.19607843137254902,0.00392156862745098,0.0,0.6988632028686961,0.6711375600823987,9.155413138017853e-05,0.30980392156862746,0.00392156862745098,0.42593479203068085,7.62958079576495e-05,0
0.011718758617407232,0.19607843137254902,0.00392156862745098,0.0,0.29864957656214236,0.5827725642786298,9.155413138017853e-05,0.2549019607843137,0.00392156862745098,0.7267160420306809,7.62958079576495e-05,0
0.011718758617407232,0.19607843137254902,0.00392156862745098,0.0,0.6729076066224156,0.8824750133516441,9.155413138017853e-05,0.21176470588235294,0.00392156862745098,0.48843479203068085,7.62958079576495e-05,0
0.011718758617407232,0.19607843137254902,0.00392156862745098,0.0,0.31609063859006636,0.35176623178454264,9.155413138017853e-05,0.39215686274509803,0.00392156862745098,0.40249729203068085,7.62958079576495e-05,0
0.011718758617407232,0.19607843137254902,0.00392156862745098,0.0,0.8068055237659266,0.0018310826276035706,9.155413138017853e-05,0.6,0.00392156862745098,0.08999729203068085,7.62958079576495e-05,0
0.011718758617407232,0.19607843137254902,0.00392156862745098,0.0,0.017334248874647136,0.9285420004577707,9.155413138017853e-05,0.5725490196078431,0.00392156862745098,0.7774972920306809,7.62958079576495e-05,0
0.011718758617407232,0.19607843137254902,0.00392156862745098,0.0,0.05574120698863203,0.4696116578927291,9.155413138017853e-05,0.12549019607843137,0.00392156862745098,0.8009347920306809,7.62958079576495e-05,0
0.011718758617407232,0.19607843137254902,0.00392156862745098,0.0,0.7466086823834592,0.3653009842069123,9.155413138017853e-05,0.49019607843137253,0.00392156862745098,0.7189035420306809,7.62958079576495e-05,0
0.011718758617407232,0.19607843137254902,0.00392156862745098,0.0,0.8762645914396887,0.568032349126421,9.155413138017853e-05,0.8274509803921568,0.00392156862745098,0.9103097920306809,7.62958079576495e-05,0
0.011718758617407232,0.19607843137254902,0.00392156862745098,0.0,0.034164950026703285,0.9546044098573282,9.155413138017853e-05,0.9882352941176471,0.00392156862745098,0.34780979203068085,7.62958079576495e-05,0
0.011718758617407232,0.19607843137254902,0.00392156862745098,0.0,0.9391165026321813,0.287708857862211,9.155413138017853e-05,0.8980392156862745,0.00392156862745098,0.39859104203068085,7.62958079576495e-05,0
0.011718758617407232,0.19607843137254902,0.00392156862745098,0.0,0.3507591363393606,0.672983901731899,9.155413138017853e-05,0.7490196078431373,0.00392156862745098,0.05484104203068085,7.62958079576495e-05,0
0.011718758617407232,0.19607843137254902,0.00392156862745098,0.0,0.7648432135500114,0.8377660791943237,9.155413138017853e-05,0.792156862745098,0.00392156862745098,0.35171604203068085,7.62958079576495e-05,0
0.011718758617407232,0.19607843137254902,0.00392156862745098,0.0,0.5282520790417334,0.06915388723582819,9.155413138017853e-05,0.8196078431372549,0.00392156862745098,0.07046604203068085,7.62958079576495e-05,0
0.011718758617407232,0.19607843137254902,0.00392156862745098,0.0,0.36643015182726785,0.7689784084840162,9.155413138017853e-05,0.5176470588235295,0.00392156862745098,0.42984104203068085,7.62958079576495e-05,0
0.011718758617407232,0.19607843137254902,0.00392156862745098,0.0,0.9723353933012894,0.561699855039292,9.155413138017853e-05,0.5647058823529412,0.00392156862745098,0.33999729203068085,7.62958079576495e-05,0
0.011718758617407232,0.19607843137254902,0.00392156862745098,0.0,0.713847562371252,0.4542000457770657,9.155413138017853e-05,0.984313725490196,0.00392156862745098,0.13687229203068085,7.62958079576495e-05,0
0.011718758617407232,0.19607843137254902,0.00392156862745098,0.0,0.7101396200503548,0.2733043411917296,9.155413138017853e-05,0.1450980392156863,0.00392156862745098,0.7071847920306809,7.62958079576495e-05,0
0.011718758617407232,0.19607843137254902,0.00392156862745098,0.0,0.028030823224231328,0.3653009842069123,9.155413138017853e-05,0.0392156862745098,0.00392156862745098,0.011872292030680853,7.62958079576495e-05,0
0.011718758617407232,0.19607843137254902,0.00392156862745098,0.0,0.943404287785153,0.43308155947203786,9.155413138017853e-05,0.8196078431372549,0.00392156862745098,0.17202854203068085,7.62958079576495e-05,0
0.011718758617407232,0.19607843137254902,0.00392156862745098,0.0,0.8037384603646907,0.6599984740978103,9.155413138017853e-05,0.21568627450980393,0.00392156862745098,0.33609104203068085,7.62958079576495e-05,0
0.011718758617407232,0.19607843137254902,0.00392156862745098,0.0,0.5449912260624094,0.6762340733958954,9.155413138017853e-05,0.00392156862745098,0.00392156862745098,0.14859104203068085,7.62958079576495e-05,0
0.011718758617407232,0.19607843137254902,0.00392156862745098,0.0,0.23944457160296026,0.031784542610818645,9.155413138017853e-05,0.29411764705882354,0.00392156862745098,0.17593479203068085,7.62958079576495e-05,0
0.011718758617407232,0.19607843137254902,0.00392156862745098,0.0,0.10389868009460594,0.07246509498741131,9.155413138017853e-05,0.09019607843137255,0.00392156862745098,0.8673410420306809,7.62958079576495e-05,0
0.011718758617407232,0.19607843137254902,0.00392156862745098,0.0,0.7647516594186312,0.9430075532158388,9.155413138017853e-05,0.45098039215686275,0.00392156862745098,0.6720285420306809,7.62958079576495e-05,0
0.011718758617407232,0.19607843137254902,0.00392156862745098,0.0,0.1791256580453193,0.9177233539330129,9.155413138017853e-05,0.8627450980392157,0.00392156862745098,0.34780979203068085,7.62958079576495e-05,0
0.011718758617407232,0.19607843137254902,0.00392156862745098,0.0,0.34134431982909896,0.3781643396658274,9.155413138017853e-05,0.7490196078431373,0.00392156862745098,0.34390354203068085,7.62958079576495e-05,0
0.011718758617407232,0.19607843137254902,0.00392156862745098,0.0,0.34096284428168155,0.655039291981384,9.155413138017853e-05,0.7843137254901961,0.00392156862745098,0.6368722920306809,7.62958079576495e-05,0
0.011718758617407232,0.19607843137254902,0.00392156862745098,0.0,0.8746623941405356,0.9495384145876249,9.155413138017853e-05,0.10196078431372549,0.00392156862745098,0.23062229203068085,7.62958079576495e-05,0
0.011718758617407232,0.19607843137254902,0.00392156862745098,0.0,0.17607385366598002,0.05000381475547418,9.155413138017853e-05,0.3803921568627451,0.00392156862745098,0.45327854203068085,7.62958079576495e-05,0
0.011718758617407232,0.19607843137254902,0.00392156862745098,0.0,0.5788357366292821,0.4648050659952697,9.155413138017853e-05,0.40784313725490196,0.00392156862745098,0.9259347920306809,7.62958079576495e-05,0
0.011718758617407232,0.19607843137254902,0.00392156862745098,0.0,0.8252689402609292,0.6468909742885481,9.155413138017853e-05,0.3607843137254902,0.00392156862745098,0.8634347920306809,7.62958079576495e-05,0
0.011718758617407232,0.19607843137254902,0.00392156862745098,0.0,0.03295948729686427,0.7303120469977874,9.155413138017853e-05,0.7843137254901961,0.00392156862745098,0.6876535420306809,7.62958079576495e-05,0
0.011718758617407232,0.19607843137254902,0.00392156862745098,0.0,0.43393606469825285,0.5294728007934691,9.155413138017853e-05,0.9882352941176471,0.00392156862745098,0.15249729203068085,7.62958079576495e-05,0
0.011718758617407232,0.19607843137254902,0.00392156862745098,0.0,0.144609750514992,0.8997634851606012,9.155413138017853e-05,0.6666666666666666,0.00392156862745098,0.7228097920306809,7.62958079576495e-05,0
0.011718758617407232,0.19607843137254902,0.00392156862745098,0.0,0.39804684519722283,0.380697337300679,9.155413138017853e-05,0.8745098039215686,0.00392156862745098,0.7774972920306809,7.62958079576495e-05,0
0.011718758617407232,0.19607843137254902,0.00392156862745098,0.0,0.9855802243076219,0.7421835660334173,9.155413138017853e-05,0.6313725490196078,0.00392156862745098,0.7853097920306809,7.62958079576495e-05,0
0.011718758617407232,0.19607843137254902,0.00392156862745098,0.0,0.3894254978255894,0.5615014877546349,9.155413138017853e-05,0.058823529411764705,0.00392156862745098,0.31265354203068085,7.62958079576495e-05,0
0.011718758617407232,0.19607843137254902,0.00392156862745098,0.0,0.7566491187914854,0.954314488441291,9.155413138017853e-05,0.08627450980392157,0.00392156862745098,0.43765354203068085,7.62958079576495e-05,0
0.011718758617407232,0.19607843137254902,0.00392156862745098,0.0,0.023437857633325704,0.9755855649652857,9.155413138017853e-05,0.13333333333333333,0.00392156862745098,0.39859104203068085,7.62958079576495e-05,0
0.011718758617407232,0.19607843137254902,0.00392156862745098,0.0,0.3859464408331426,0.9975127794308385,9.155413138017853e-05,0.5372549019607843,0.00392156862745098,0.43374729203068085,7.62958079576495e-05,0
0.011718758617407232,0.19607843137254902,0.00392156862745098,0.0,0.6937514305333028,0.8913099870298314,9.155413138017853e-05,0.6941176470588235,0.00392156862745098,0.49624729203068085,7.62958079576495e-05,0
0.011718758617407232,0.19607843137254902,0.00392156862745098,0.0,0.5760128175783932,0.4977492942702373,9.155413138017853e-05,0.10196078431372549,0.00392156862745098,0.9220285420306809,7.62958079576495e-05,0
0.011718758617407232,0.19607843137254902,0.00392156862745098,0.0,0.6800183108262761,0.9693141069657435,9.155413138017853e-05,0.7019607843137254,0.00392156862745098,0.6251535420306809,7.62958079576495e-05,0
0.011718758617407232,0.19607843137254902,0.00392156862745098,0.0,0.07190051117723353,0.6244602121004044,9.155413138017853e-05,0.10196078431372549,0.00392156862745098,0.9884347920306809,7.62958079576495e-05,0
0.011718758617407232,0.19607843137254902,0.00392156862745098,0.0,0.26881818875410085,0.41477073319600216,9.155413138017853e-05,0.7529411764705882,0.00392156862745098,0.03921604203068085,7.62958079576495e-05,0
0.011718758617407232,0.19607843137254902,0.00392156862745098,0.0,0.17769130998702984,0.4367284657053483,9.155413138017853e-05,0.24313725490196078,0.00392156862745098,0.19937229203068085,7.62958079576495e-05,0
0.011718758617407232,0.19607843137254902,0.00392156862745098,0.0,0.36391241321431295,0.22662699320973526,9.155413138017853e-05,0.4549019607843137,0.00392156862745098,0.12124729203068085,7.62958079576495e-05,0
0.011718758617407232,0.19607843137254902,0.00392156862745098,0.0,0.5553521019302663,0.16058594644083315,9.155413138017853e-05,0.3607843137254902,0.00392156862745098,0.26968479203068085,7.62958079576495e-05,0
0.011718758617407232,0.19607843137254902,0.00392156862745098,0.0,0.7965514610513466,0.301029983978027,9.155413138017853e-05,0.47843137254901963,0.00392156862745098,0.6564035420306809,7.62958079576495e-05,0
0.011718758617407232,0.19607843137254902,0.00392156862745098,0.0,0.7239948119325551,0.6417334248874648,9.155413138017853e-05,0.5137254901960784,0.00392156862745098,0.23452854203068085,7.62958079576495e-05,0
0.011718758617407232,0.19607843137254902,0.00392156862745098,0.0,0.416388189517052,0.4371099412527657,9.155413138017853e-05,0.7686274509803922,0.00392156862745098,0.38296604203068085,7.62958079576495e-05,0
0.011718758617407232,0.19607843137254902,0.00392156862745098,0.0,0.6011444266422522,0.09324788281071184,9.155413138017853e-05,0.13725490196078433,0.00392156862745098,0.8868722920306809,7.62958079576495e-05,0
0.011718758617407232,0.19607843137254902,0.00392156862745098,0.0,0.8472266727702754,0.6512550545510033,9.155413138017853e-05,0.1607843137254902,0.00392156862745098,0.5040597920306809,7.62958079576495e-05,0
0.011718758617407232,0.19607843137254902,0.00392156862745098,0.0,0.2885023270008392,0.03714045929655909,9.155413138017853e-05,0.5647058823529412,0.00392156862745098,0.12124729203068085,7.62958079576495e-05,0
0.011718758617407232,0.19607843137254902,0.00392156862745098,0.0,0.23544670786602578,0.43724727244983597,9.155413138017853e-05,0.23529411764705882,0.00392156862745098,0.9649972920306809,7.62958079576495e-05,0
0.011718758617407232,0.19607843137254902,0.00392156862745098,0.0,0.7434348058289464,0.6841840238040742,9.155413138017853e-05,0.17647058823529413,0.00392156862745098,0.5118722920306809,7.62958079576495e-05,0
0.011718758617407232,0.19607843137254902,0.00392156862745098,0.0,0.6852674143587396,0.443076218814374,9.155413138017853e-05,0.8823529411764706,0.00392156862745098,0.06655979203068085,7.62958079576495e-05,0
0.011718758617407232,0.19607843137254902,0.00392156862745098,0.0,0.30981918059052416,0.39993896391241324,9.155413138017853e-05,0.20392156862745098,0.00392156862745098,0.14468479203068085,7.62958079576495e-05,0
0.011718758617407232,0.19607843137254902,0.00392156862745098,0.0,0.42278171969176775,0.38139925230792704,9.155413138017853e-05,0.7098039215686275,0.00392156862745098,0.6524972920306809,7.62958079576495e-05,0
0.011718758617407232,0.19607843137254902,0.00392156862745098,0.0,0.7874418249790188,0.06842145418478676,9.155413138017853e-05,0.7568627450980392,0.00392156862745098,0.7228097920306809,7.62958079576495e-05,0
0.011718758617407232,0.19607843137254902,0.00392156862745098,0.0,0.034271763179980166,0.7882810711833371,9.155413138017853e-05,0.7647058823529411,0.00392156862745098,0.39859104203068085,7.62958079576495e-05,0
0.011718758617407232,0.19607843137254902,0.00392156862745098,0.0,0.9627679865720608,0.40788891432059204,9.155413138017853e-05,0.20784313725490197,0.00392156862745098,0.33609104203068085,7.62958079576495e-05,0
0.011718758617407232,0.19607843137254902,0.00392156862745098,0.0,0.8474860761425193,0.835187304493782,9.155413138017853e-05,0.5647058823529412,0.00392156862745098,0.13687229203068085,7.62958079576495e-05,0
0.011718758617407232,0.19607843137254902,0.00392156862745098,0.0,0.38170443274586097,0.2535896849011978,9.155413138017853e-05,0.26666666666666666,0.00392156862745098,0.19937229203068085,7.62958079576495e-05,0
0.011718758617407232,0.19607843137254902,0.00392156862745098,0.0,0.5375906004425116,0.3075455863279164,9.155413138017853e-05,0.7411764705882353,0.00392156862745098,0.34780979203068085,7.62958079576495e-05,0
0.011718758617407232,0.19607843137254902,0.00392156862745098,0.0,0.46466773479819945,0.9252307927061876,9.155413138017853e-05,0.5607843137254902,0.00392156862745098,0.42593479203068085,7.62958079576495e-05,0
0.011718758617407232,0.19607843137254902,0.00392156862745098,0.0,0.3317463950560769,0.14135957885099565,9.155413138017853e-05,0.2901960784313726,0.00392156862745098,0.8634347920306809,7.62958079576495e-05,0
0.011718758617407232,0.19607843137254902,0.00392156862745098,0.0,0.03338673990997177,0.8676737621118487,9.155413138017853e-05,0.49019607843137253,0.00392156862745098,0.33218479203068085,7.62958079576495e-05,0
0.011718758617407232,0.19607843137254902,0.00392156862745098,0.0,0.48889906157015334,0.7813382162203403,9.155413138017853e-05,0.7568627450980392,0.00392156862745098,0.30484104203068085,7.62958079576495e-05,0
0.011718758617407232,0.19607843137254902,0.00392156862745098,0.0,0.6583962767986572,0.6932784008545052,9.155413138017853e-05,0.2,0.00392156862745098,0.5001535420306809,7.62958079576495e-05,0
0.011718758617407232,0.19607843137254902,0.00392156862745098,0.0,0.7654535744258792,0.4788891432059205,9.155413138017853e-05,0.7450980392156863,0.00392156862745098,0.011872292030680853,7.62958079576495e-05,0
0.011718758617407232,0.19607843137254902,0.00392156862745098,0.0,0.7949950408178835,0.7920195315480277,9.155413138017853e-05,0.23137254901960785,0.00392156862745098,0.9923410420306809,7.62958079576495e-05,0
0.011718758617407232,0.19607843137254902,0.00392156862745098,0.0,0.41078812848096435,0.06790264744029907,9.155413138017853e-05,0.5176470588235295,0.00392156862745098,0.44546604203068085,7.62958079576495e-05,0
0.011718758617407232,0.19607843137254902,0.00392156862745098,0.0,0.5182269016556039,0.8110322728313115,9.155413138017853e-05,0.6313725490196078,0.00392156862745098,0.25796604203068085,7.62958079576495e-05,0
0.011718758617407232,0.19607843137254902,0.00392156862745098,0.0,0.6906691081101701,0.513893339436942,9.155413138017853e-05,0.2235294117647059,0.00392156862745098,0.011872292030680853,7.62958079576495e-05,0
0.011718758617407232,0.19607843137254902,0.00392156862745098,0.0,0.5754024567025253,0.37538719768062867,9.155413138017853e-05,0.37254901960784315,0.00392156862745098,0.31265354203068085,7.62958079576495e-05,0
0.011718758617407232,0.19607843137254902,0.00392156862745098,0.0,0.7170214389257649,0.8499885557335775,9.155413138017853e-05,0.9647058823529412,0.00392156862745098,0.8165597920306809,7.62958079576495e-05,0
0.011718758617407232,0.19607843137254902,0.00392156862745098,0.0,0.2702525368123903,0.25960173952849624,9.155413138017853e-05,0.0,0.00392156862745098,0.23062229203068085,7.62958079576495e-05,0
0.011718758617407232,0.19607843137254902,0.00392156862745098,0.0,0.5038071259632257,0.3628595407034409,9.155413138017853e-05,0.6862745098039216,0.00392156862745098,0.12124729203068085,7.62958079576495e-05,0
0.011718758617407232,0.19607843137254902,0.00392156862745098,0.0,0.3093308918898299,0.7798275730525673,9.155413138017853e-05,0.8588235294117647,0.00392156862745098,0.27749729203068085,7.62958079576495e-05,0
0.011718758617407232,0.19607843137254902,0.00392156862745098,0.0,0.6104982070649272,0.6017242694743267,9.155413138017853e-05,0.6078431372549019,0.00392156862745098,0.46109104203068085,7.62958079576495e-05,0
0.011718758617407232,0.19607843137254902,0.00392156862745098,0.0,0.34734111543450064,0.6249637598229953,9.155413138017853e-05,0.0392156862745098,0.00392156862745098,0.011872292030680853,7.62958079576495e-05,0
0.011718758617407232,0.19607843137254902,0.00392156862745098,0.0,0.9343709468223087,0.3389944304570077,9.155413138017853e-05,0.8470588235294118,0.00392156862745098,0.8321847920306809,7.62958079576495e-05,0
0.011718758617407232,0.19607843137254902,0.00392156862745098,0.0,0.7064774547951477,0.6815747310597391,9.155413138017853e-05,0.09019607843137255,0.00392156862745098,0.05874729203068085,7.62958079576495e-05,0
0.011718758617407232,0.19607843137254902,0.00392156862745098,0.0,0.2805828946364538,0.15016403448538948,9.155413138017853e-05,0.44313725490196076,0.00392156862745098,0.8517160420306809,7.62958079576495e-05,0
0.011718758617407232,0.19607843137254902,0.00392156862745098,0.0,0.4964827954528115,0.7982146944380866,9.155413138017853e-05,0.8196078431372549,0.00392156862745098,0.09390354203068085,7.62958079576495e-05,0
0.011718758617407232,0.19607843137254902,0.00392156862745098,0.0,0.5603723201342794,0.30608072022583355,9.155413138017853e-05,0.6588235294117647,0.00392156862745098,0.40640354203068085,7.62958079576495e-05,0
0.011718758617407232,0.19607843137254902,0.00392156862745098,0.0,0.27185473411154343,0.8025940337224384,9.155413138017853e-05,0.8745098039215686,0.00392156862745098,0.35952854203068085,7.62958079576495e-05,0
0.011718758617407232,0.19607843137254902,0.00392156862745098,0.0,0.6812695506218052,0.5892576485847257,9.155413138017853e-05,0.44313725490196076,0.00392156862745098,0.6876535420306809,7.62958079576495e-05,0
0.011718758617407232,0.19607843137254902,0.00392156862745098,0.0,0.39116502632181277,0.7120012207217518,9.155413138017853e-05,0.2196078431372549,0.00392156862745098,0.7345285420306809,7.62958079576495e-05,0
0.011718758617407232,0.19607843137254902,0.00392156862745098,0.0,0.6302433813992523,0.4142214084077211,9.155413138017853e-05,0.34901960784313724,0.00392156862745098,0.6173410420306809,7.62958079576495e-05,0
0.011718758617407232,0.19607843137254902,0.00392156862745098,0.0,0.510933089188983,0.6998092622262913,9.155413138017853e-05,0.23921568627450981,0.00392156862745098,0.6603097920306809,7.62958079576495e-05,0
0.011718758617407232,0.19607843137254902,0.00392156862745098,0.0,0.4250095368886854,0.056488899061570154,9.155413138017853e-05,0.9921568627450981,0.00392156862745098,0.9845285420306809,7.62958079576495e-05,0
0.011718758617407232,0.19607843137254902,0.00392156862745098,0.0,0.21283283741512168,0.08461127641718166,9.155413138017853e-05,0.23137254901960785,0.00392156862745098,0.23843479203068085,7.62958079576495e-05,0
0.011718758617407232,0.19607843137254902,0.00392156862745098,0.0,0.40273136491950867,0.691783016708629,9.155413138017853e-05,0.7294117647058823,0.00392156862745098,0.8556222920306809,7.62958079576495e-05,0
0.011718758617407232,0.19607843137254902,0.00392156862745098,0.0,0.4076752880140383,0.46593423361562525,9.155413138017853e-05,0.9568627450980393,0.00392156862745098,0.9962472920306809,7.62958079576495e-05,0
0.011718758617407232,0.19607843137254902,0.00392156862745098,0.0,0.8770580605783169,0.4636911573968109,9.155413138017853e-05,0.8509803921568627,0.00392156862745098,0.9571847920306809,7.62958079576495e-05,0
0.011718758617407232,0.19607843137254902,0.00392156862745098,0.0,0.03692683299000534,0.09582665751125354,9.155413138017853e-05,0.34901960784313724,0.00392156862745098,0.8360910420306809,7.62958079576495e-05,0
0.011718758617407232,0.19607843137254902,0.00392156862745098,0.0,0.11697566186007477,0.40793469138628213,9.155413138017853e-05,0.00784313725490196,0.00392156862745098,0.46109104203068085,7.62958079576495e-05,0
0.011718758617407232,0.19607843137254902,0.00392156862745098,0.0,0.23424124513618677,0.2273136491950866,9.155413138017853e-05,0.5764705882352941,0.00392156862745098,0.6837472920306809,7.62958079576495e-05,0
0.011718758617407232,0.19607843137254902,0.00392156862745098,0.0,0.9765621423666743,0.9004348821240559,9.155413138017853e-05,0.2235294117647059,0.00392156862745098,0.9142160420306809,7.62958079576495e-05,0
0.011718758617407232,0.19607843137254902,0.00392156862745098,0.0,0.7822384985122454,0.7913633936064698,9.155413138017853e-05,0.4117647058823529,0.00392156862745098,0.9884347920306809,7.62958079576495e-05,0
0.011718758617407232,0.19607843137254902,0.00392156862745098,0.0,0.9567711909666591,0.5145952544441901,9.155413138017853e-05,0.9803921568627451,0.00392156862745098,0.9806222920306809,7.62958079576495e-05,0
0.011718758617407232,0.19607843137254902,0.00392156862745098,0.0,0.9425192645151446,0.16404974441138323,9.155413138017853e-05,0.058823529411764705,0.00392156862745098,0.13687229203068085,7.62958079576495e-05,0
0.011718758617407232,0.19607843137254902,0.00392156862745098,0.0,0.6836041809719997,0.959838254367895,9.155413138017853e-05,0.1568627450980392,0.00392156862745098,0.6251535420306809,7.62958079576495e-05,0
0.011718758617407232,0.19607843137254902,0.00392156862745098,0.0,0.8188448920424201,0.77436484321355,9.155413138017853e-05,0.6196078431372549,0.00392156862745098,0.023591042030680853,7.62958079576495e-05,0
0.011718758617407232,0.19607843137254902,0.00392156862745098,0.0,0.3880521858548867,0.0665293354695964,9.155413138017853e-05,0.5411764705882353,0.00392156862745098,0.8439035420306809,7.62958079576495e-05,0
0.011718758617407232,0.19607843137254902,0.00392156862745098,0.0,0.5246967269398032,0.5498588540474556,9.155413138017853e-05,0.4117647058823529,0.00392156862745098,0.18374729203068085,7.62958079576495e-05,0
0.011718758617407232,0.19607843137254902,0.00392156862745098,0.0,0.6612497138933394,0.1705653467612726,9.155413138017853e-05,0.1843137254901961,0.00392156862745098,0.09780979203068085,7.62958079576495e-05,0
0.011718758617407232,0.19607843137254902,0.00392156862745098,0.0,0.36060120546272983,0.8542153047989623,9.155413138017853e-05,0.7647058823529411,0.00392156862745098,0.20718479203068085,7.62958079576495e-05,0
0.011718758617407232,0.19607843137254902,0.00392156862745098,0.0,0.10981918059052415,0.9320363164721142,9.155413138017853e-05,0.9450980392156862,0.00392156862745098,0.22671604203068085,7.62958079576495e-05,0
0.011718758617407232,0.19607843137254902,0.00392156862745098,0.0,0.8857251850156405,0.5080491340505073,9.155413138017853e-05,0.3215686274509804,0.00392156862745098,0.14077854203068085,7.62958079576495e-05,0
0.011718758617407232,0.19607843137254902,0.00392156862745098,0.0,0.9573510337987335,0.34720378423743037,9.155413138017853e-05,0.8313725490196079,0.00392156862745098,0.6212472920306809,7.62958079576495e-05,0
0.011718758617407232,0.19607843137254902,0.00392156862745098,0.0,0.23875791561760892,0.08989089799343862,9.155413138017853e-05,0.30980392156862746,0.00392156862745098,0.6954660420306809,7.62958079576495e-05,0
0.011718758617407232,0.19607843137254902,0.00392156862745098,0.0,0.12274357213702601,0.18959334706645303,9.155413138017853e-05,0.2901960784313726,0.00392156862745098,0.24234104203068085,7.62958079576495e-05,0
0.011718758617407232,0.19607843137254902,0.00392156862745098,0.0,0.6999618524452582,0.2090333409628443,9.155413138017853e-05,0.00392156862745098,0.00392156862745098,0.6407785420306809,7.62958079576495e-05,0
0.011718758617407232,0.19607843137254902,0.00392156862745098,0.0,0.20442511635004196,0.9900663767452507,9.155413138017853e-05,0.00392156862745098,0.00392156862745098,0.19937229203068085,7.62958079576495e-05,0
0.011718758617407232,0.19607843137254902,0.00392156862745098,0.0,0.6196231021591516,0.7301594567788204,9.155413138017853e-05,0.19607843137254902,0.00392156862745098,0.8556222920306809,7.62958079576495e-05,0
0.011718758617407232,0.19607843137254902,0.00392156862745098,0.0,0.6254673075455863,0.9628137636377508,9.155413138017853e-05,0.5490196078431373,0.00392156862745098,0.14859104203068085,7.62958079576495e-05,0
0.011718758617407232,0.19607843137254902,0.00392156862745098,0.0,0.30336461432822154,0.7234607461661707,9.155413138017853e-05,0.10980392156862745,0.00392156862745098,0.5665597920306809,7.62958079576495e-05,0
0.011718758617407232,0.19607843137254902,0.00392156862745098,0.0,0.7521934843976501,0.5566491187914855,9.155413138017853e-05,0.7686274509803922,0.00392156862745098,0.5431222920306809,7.62958079576495e-05,0
0.011718758617407232,0.19607843137254902,0.00392156862745098,0.0,0.27264820325017164,0.5727779049362935,9.155413138017853e-05,0.17647058823529413,0.00392156862745098,0.15249729203068085,7.62958079576495e-05,0
0.011718758617407232,0.19607843137254902,0.00392156862745098,0.0,0.008896009765774014,0.5689021133745327,9.155413138017853e-05,0.1411764705882353,0.00392156862745098,0.39468479203068085,7.62958079576495e-05,0
0.011718758617407232,0.19607843137254902,0.00392156862745098,0.0,0.5803768978408484,0.26334019989318685,9.155413138017853e-05,0.39215686274509803,0.00392156862745098,0.49624729203068085,7.62958079576495e-05,0
0.011718758617407232,0.19607843137254902,0.00392156862745098,0.0,0.2515297169451438,0.7975432974746319,9.155413138017853e-05,0.4823529411764706,0.00392156862745098,0.9064035420306809,7.62958079576495e-05,0
0.011718758617407232,0.19607843137254902,0.00392156862745098,0.0,0.7286945906767376,0.8643320363164722,9.155413138017853e-05,0.6901960784313725,0.00392156862745098,0.8946847920306809,7.62958079576495e-05,0
0.011718758617407232,0.19607843137254902,0.00392156862745098,0.0,0.5818112458991379,0.96064698252842,9.155413138017853e-05,0.8313725490196079,0.00392156862745098,0.6134347920306809,7.62958079576495e-05,0
0.011718758617407232,0.19607843137254902,0.00392156862745098,0.0,0.988540474555581,0.5956511787594415,9.155413138017853e-05,0.8627450980392157,0.00392156862745098,0.9259347920306809,7.62958079576495e-05,0
0.011718758617407232,0.19607843137254902,0.00392156862745098,0.0,0.9041123064011597,0.45941863126573584,9.155413138017853e-05,0.9921568627450981,0.00392156862745098,0.5548410420306809,7.62958079576495e-05,0
0.011718758617407232,0.19607843137254902,0.00392156862745098,0.0,0.6108033875028611,0.13119707026779584,9.155413138017853e-05,0.29411764705882354,0.00392156862745098,0.03921604203068085,7.62958079576495e-05,0
0.011718758617407232,0.19607843137254902,0.00392156862745098,0.0,0.43558403906309606,0.5257343404287785,9.155413138017853e-05,0.6196078431372549,0.00392156862745098,0.7306222920306809,7.62958079576495e-05,0
0.011718758617407232,0.19607843137254902,0.00392156862745098,0.0,0.7905546654459449,0.6724040588998246,9.155413138017853e-05,0.6196078431372549,0.00392156862745098,0.11734104203068085,7.62958079576495e-05,0
0.011718758617407232,0.19607843137254902,0.00392156862745098,0.0,0.050217441062027926,0.40442511635004197,9.155413138017853e-05,0.5764705882352941,0.00392156862745098,0.05484104203068085,7.62958079576495e-05,0
0.011718758617407232,0.19607843137254902,0.00392156862745098,0.0,0.5822537575341421,0.2973373006790265,9.155413138017853e-05,0.9607843137254902,0.00392156862745098,0.38296604203068085,7.62958079576495e-05,0
0.011718758617407232,0.19607843137254902,0.00392156862745098,0.0,0.4969405661097124,0.337422751201648,9.155413138017853e-05,0.3411764705882353,0.00392156862745098,0.7774972920306809,7.62958079576495e-05,0
0.011718758617407232,0.19607843137254902,0.00392156862745098,0.0,0.7193560692759594,0.2848859388113222,9.155413138017853e-05,0.5333333333333333,0.00392156862745098,0.45718479203068085,7.62958079576495e-05,0
0.011718758617407232,0.19607843137254902,0.00392156862745098,0.0,0.7179064621957733,0.9164721141374838,9.155413138017853e-05,0.6627450980392157,0.00392156862745098,0.19937229203068085,7.62958079576495e-05,0
0.011718758617407232,0.19607843137254902,0.00392156862745098,0.0,0.35043869687953,0.9773250934615091,9.155413138017853e-05,0.6196078431372549,0.00392156862745098,0.8790597920306809,7.62958079576495e-05,0
0.011718758617407232,0.19607843137254902,0.00392156862745098,0.0,0.7088273441672389,0.4711680781261921,9.155413138017853e-05,0.00784313725490196,0.00392156862745098,0.6017160420306809,7.62958079576495e-05,0
0.011718758617407232,0.19607843137254902,0.00392156862745098,0.0,0.8614633401998932,0.06347753109025711,9.155413138017853e-05,0.5882352941176471,0.00392156862745098,0.11343479203068085,7.62958079576495e-05,0
0.011718758617407232,0.19607843137254902,0.00392156862745098,0.0,0.5072404058899824,0.5751735713740749,9.155413138017853e-05,0.00392156862745098,0.00392156862745098,0.14077854203068085,7.62958079576495e-05,0
0.011718758617407232,0.19607843137254902,0.00392156862745098,0.0,0.43610284580758374,0.44228274967574577,9.155413138017853e-05,0.38823529411764707,0.00392156862745098,0.5235910420306809,7.62958079576495e-05,0
0.011718758617407232,0.19607843137254902,0.00392156862745098,0.0,0.5238727397573816,0.2341649500267033,9.155413138017853e-05,0.5215686274509804,0.00392156862745098,0.10952854203068085,7.62958079576495e-05,0
0.011718758617407232,0.19607843137254902,0.00392156862745098,0.0,0.41339742122529943,0.4523689631494621,9.155413138017853e-05,0.7568627450980392,0.00392156862745098,0.6485910420306809,7.62958079576495e-05,0
0.011718758617407232,0.19607843137254902,0.00392156862745098,0.0,0.04234378576333257,0.9268940260929275,9.155413138017853e-05,0.7333333333333333,0.00392156862745098,0.44937229203068085,7.62958079576495e-05,0
0.011718758617407232,0.19607843137254902,0.00392156862745098,0.0,0.29359884031433586,0.9703059433890288,9.155413138017853e-05,0.3215686274509804,0.00392156862745098,0.5314035420306809,7.62958079576495e-05,0
0.011718758617407232,0.19607843137254902,0.00392156862745098,0.0,0.03535515373464561,0.8617380025940338,9.155413138017853e-05,0.4196078431372549,0.00392156862745098,0.04702854203068085,7.62958079576495e-05,0
0.011718758617407232,0.19607843137254902,0.00392156862745098,0.0,0.7651941710536354,0.4591134508278019,9.155413138017853e-05,0.1607843137254902,0.00392156862745098,0.6603097920306809,7.62958079576495e-05,0
0.011718758617407232,0.19607843137254902,0.00392156862745098,0.0,0.9056382085908293,0.5738765545128557,9.155413138017853e-05,0.43137254901960786,0.00392156862745098,0.11734104203068085,7.62958079576495e-05,0
0.011718758617407232,0.19607843137254902,0.00392156862745098,0.0,0.25142290379186694,0.6049897001602197,9.155413138017853e-05,0.4745098039215686,0.00392156862745098,0.13687229203068085,7.62958079576495e-05,0
0.011718758617407232,0.19607843137254902,0.00392156862745098,0.0,0.4051117723353933,0.23524834058136873,9.155413138017853e-05,0.5843137254901961,0.00392156862745098,0.5196847920306809,7.62958079576495e-05,0
0.011718758617407232,0.19607843137254902,0.00392156862745098,0.0,0.969588769359884,0.2622110322728313,9.155413138017853e-05,0.3843137254901961,0.00392156862745098,0.5040597920306809,7.62958079576495e-05,0
0.011718758617407232,0.19607843137254902,0.00392156862745098,0.0,0.24412909132524604,0.7146257724879835,9.155413138017853e-05,0.9294117647058824,0.00392156862745098,0.47280979203068085,7.62958079576495e-05,0
0.011718758617407232,0.19607843137254902,0.00392156862745098,0.0,0.057068741893644616,0.6515754940108339,9.155413138017853e-05,0.3568627450980392,0.00392156862745098,0.19937229203068085,7.62958079576495e-05,0
0.011718758617407232,0.19607843137254902,0.00392156862745098,0.0,0.4490882734416724,0.580804150453956,9.155413138017853e-05,0.5764705882352941,0.00392156862745098,0.5001535420306809,7.62958079576495e-05,0
0.011718758617407232,0.19607843137254902,0.00392156862745098,0.0,0.5962462806134127,0.853330281528954,9.155413138017853e-05,0.027450980392156862,0.00392156862745098,0.16030979203068085,7.62958079576495e-05,0
0.011718758617407232,0.19607843137254902,0.00392156862745098,0.0,0.9828030823224231,0.3877164873731594,9.155413138017853e-05,0.12156862745098039,0.00392156862745098,0.015778542030680853,7.62958079576495e-05,0
0.011718758617407232,0.19607843137254902,0.00392156862745098,0.0,0.40410467689021135,0.7666132600900283,9.155413138017853e-05,0.5803921568627451,0.00392156862745098,0.5704660420306809,7.62958079576495e-05,0
0.011718758617407232,0.19607843137254902,0.00392156862745098,0.0,0.14079499504081788,0.9248950942244603,9.155413138017853e-05,1.0,0.00392156862745098,0.5704660420306809,7.62958079576495e-05,0
0.011718758617407232,0.19607843137254902,0.00392156862745098,0.0,0.8538338292515449,0.0075837338826581216,9.155413138017853e-05,0.7607843137254902,0.00392156862745098,0.34780979203068085,7.62958079576495e-05,0
0.011718758617407232,0.19607843137254902,0.00392156862745098,0.0,0.17682154573891815,0.3905088883802548,9.155413138017853e-05,0.6274509803921569,0.00392156862745098,0.7149972920306809,7.62958079576495e-05,0
0.011718758617407232,0.19607843137254902,0.00392156862745098,0.0,0.8167696650644694,0.38622110322728315,9.155413138017853e-05,0.47058823529411764,0.00392156862745098,0.8829660420306809,7.62958079576495e-05,0
0.011718758617407232,0.19607843137254902,0.00392156862745098,0.0,0.914396887159533,0.4806591897459373,9.155413138017853e-05,0.6313725490196078,0.00392156862745098,0.14859104203068085,7.62958079576495e-05,0
0.011718758617407232,0.19607843137254902,0.00392156862745098,0.0,0.10218966964217593,0.7620813305867093,9.155413138017853e-05,0.8392156862745098,0.00392156862745098,0.35562229203068085,7.62958079576495e-05,0
0.011718758617407232,0.19607843137254902,0.00392156862745098,0.0,0.3889219501029984,0.3150225070572976,9.155413138017853e-05,0.09019607843137255,0.00392156862745098,0.20327854203068085,7.62958079576495e-05,0
0.011718758617407232,0.19607843137254902,0.00392156862745098,0.0,0.8162966353856718,0.5221789883268483,9.155413138017853e-05,0.788235294117647,0.00392156862745098,0.18765354203068085,7.62958079576495e-05,0
0.011718758617407232,0.19607843137254902,0.00392156862745098,0.0,0.42403295948729686,0.849912260624094,9.155413138017853e-05,0.9803921568627451,0.00392156862745098,0.23843479203068085,7.62958079576495e-05,0
0.011718758617407232,0.19607843137254902,0.00392156862745098,0.0,0.6373540856031128,0.24505989166094452,9.155413138017853e-05,0.4235294117647059,0.00392156862745098,0.43374729203068085,7.62958079576495e-05,0
0.011718758617407232,0.19607843137254902,0.00392156862745098,0.0,0.41689173723964296,0.20119020370794233,9.155413138017853e-05,0.09019607843137255,0.00392156862745098,0.6407785420306809,7.62958079576495e-05,0
0.011718758617407232,0.19607843137254902,0.00392156862745098,0.0,0.5525444419012742,0.6245670252536812,9.155413138017853e-05,0.13725490196078433,0.00392156862745098,0.48843479203068085,7.62958079576495e-05,0
0.011718758617407232,0.19607843137254902,0.00392156862745098,0.0,0.8117799649042496,0.4080262455176623,9.155413138017853e-05,0.4588235294117647,0.00392156862745098,0.9376535420306809,7.62958079576495e-05,0
0.011718758617407232,0.19607843137254902,0.00392156862745098,0.0,0.5052719920653086,0.8882276646066987,9.155413138017853e-05,0.10196078431372549,0.00392156862745098,0.8048410420306809,7.62958079576495e-05,0
0.011718758617407232,0.19607843137254902,0.00392156862745098,0.0,0.5461051346608682,0.45986114290074004,9.155413138017853e-05,0.5058823529411764,0.00392156862745098,0.5392160420306809,7.62958079576495e-05,0
0.011718758617407232,0.19607843137254902,0.00392156862745098,0.0,0.6558632791638056,0.20607309071488517,9.155413138017853e-05,0.27450980392156865,0.00392156862745098,0.7814035420306809,7.62958079576495e-05,0
0.011718758617407232,0.19607843137254902,0.00392156862745098,0.0,0.32596322575722897,0.009842069123369192,9.155413138017853e-05,0.8705882352941177,0.00392156862745098,0.7618722920306809,7.62958079576495e-05,0
0.011718758617407232,0.19607843137254902,0.00392156862745098,0.0,0.08981460288395514,0.807537956816968,9.155413138017853e-05,0.8705882352941177,0.00392156862745098,0.25015354203068085,7.62958079576495e-05,0
0.011718758617407232,0.19607843137254902,0.00392156862745098,0.0,0.0972304875257496,0.40119020370794234,9.155413138017853e-05,0.1450980392156863,0.00392156862745098,0.9532785420306809,7.62958079576495e-05,0
0.011718758617407232,0.19607843137254902,0.00392156862745098,0.0,0.5224841687647822,0.22786297398336766,9.155413138017853e-05,0.796078431372549,0.00392156862745098,0.09390354203068085,7.62958079576495e-05,0
0.011718758617407232,0.19607843137254902,0.00392156862745098,0.0,0.8032349126420997,0.3486686503395132,9.155413138017853e-05,0.43529411764705883,0.00392156862745098,0.30093479203068085,7.62958079576495e-05,0
0.011718758617407232,0.19607843137254902,0.00392156862745098,0.0,0.9428091859311818,0.22902265964751659,9.155413138017853e-05,0.2549019607843137,0.00392156862745098,0.10171604203068085,7.62958079576495e-05,0
0.011718758617407232,0.19607843137254902,0.00392156862745098,0.0,0.6341954680704966,0.8942092011902038,9.155413138017853e-05,0.8784313725490196,0.00392156862745098,0.6212472920306809,7.62958079576495e-05,0
0.011718758617407232,0.19607843137254902,0.00392156862745098,0.0,0.0673380636301213,0.31482413977264057,9.155413138017853e-05,0.9333333333333333,0.00392156862745098,0.05874729203068085,7.62958079576495e-05,0
0.011718758617407232,0.19607843137254902,0.00392156862745098,0.0,0.7596398870832379,0.28255130846112764,9.155413138017853e-05,0.6470588235294118,0.00392156862745098,0.9103097920306809,7.62958079576495e-05,0
0.011718758617407232,0.19607843137254902,0.00392156862745098,0.0,0.004760814831769284,0.16858167391470208,9.155413138017853e-05,0.9647058823529412,0.00392156862745098,0.5978097920306809,7.62958079576495e-05,0
0.011718758617407232,0.19607843137254902,0.00392156862745098,0.0,0.3229724574654765,0.6404669260700389,9.155413138017853e-05,0.984313725490196,0.00392156862745098,0.6837472920306809,7.62958079576495e-05,0
0.011718758617407232,0.19607843137254902,0.00392156862745098,0.0,0.025238422217135882,0.6564431219958801,9.155413138017853e-05,1.0,0.00392156862745098,0.9806222920306809,7.62958079576495e-05,0
0.011718758617407232,0.19607843137254902,0.00392156862745098,0.0,0.3755855649652857,0.4990157930876631,9.155413138017853e-05,0.6392156862745098,0.00392156862745098,0.8517160420306809,7.62958079576495e-05,0
0.011718758617407232,0.19607843137254902,0.00392156862745098,0.0,0.8375371938658732,0.6289921416037232,9.155413138017853e-05,0.9019607843137255,0.00392156862745098,0.8399972920306809,7.62958079576495e-05,0
0.011718758617407232,0.19607843137254902,0.00392156862745098,0.0,0.5088273441672388,0.5284962233920806,9.155413138017853e-05,0.16470588235294117,0.00392156862745098,0.23843479203068085,7.62958079576495e-05,0
0.011718758617407232,0.19607843137254902,0.00392156862745098,0.0,0.9026626993209735,0.5529259174486916,9.155413138017853e-05,0.5450980392156862,0.00392156862745098,0.25796604203068085,7.62958079576495e-05,0
0.011718758617407232,0.19607843137254902,0.00392156862745098,0.0,0.6838941023880369,0.29442282749675747,9.155413138017853e-05,0.23921568627450981,0.00392156862745098,0.9103097920306809,7.62958079576495e-05,0
0.011718758617407232,0.19607843137254902,0.00392156862745098,0.0,0.7297322041657129,0.27360952162966357,9.155413138017853e-05,0.34901960784313724,0.00392156862745098,0.39859104203068085,7.62958079576495e-05,0
0.011718758617407232,0.19607843137254902,0.00392156862745098,0.0,0.36868848706797896,0.6504005493247883,9.155413138017853e-05,0.3803921568627451,0.00392156862745098,0.40249729203068085,7.62958079576495e-05,0
0.011718758617407232,0.19607843137254902,0.00392156862745098,0.0,0.35344472419317924,0.21048294804303044,9.155413138017853e-05,0.8549019607843137,0.00392156862745098,0.05484104203068085,7.62958079576495e-05,0
0.011718758617407232,0.19607843137254902,0.00392156862745098,0.0,0.27307545586327914,0.21039139391165027,9.155413138017853e-05,0.08235294117647059,0.00392156862745098,0.8595285420306809,7.62958079576495e-05,0
0.011718758617407232,0.19607843137254902,0.00392156862745098,0.0,0.37933928435187303,0.04620431830319677,9.155413138017853e-05,0.44313725490196076,0.00392156862745098,0.6524972920306809,7.62958079576495e-05,0
0.011718758617407232,0.19607843137254902,0.00392156862745098,0.0,0.8409704737926299,0.638147554741741,9.155413138017853e-05,0.49411764705882355,0.00392156862745098,0.7970285420306809,7.62958079576495e-05,0
0.011718758617407232,0.19607843137254902,0.00392156862745098,0.0,0.9360952162966354,0.19833676661326008,9.155413138017853e-05,0.9372549019607843,0.00392156862745098,0.46499729203068085,7.62958079576495e-05,0
0.011718758617407232,0.19607843137254902,0.00392156862745098,0.0,0.3271229114213779,0.442069123369192,9.155413138017853e-05,0.5450980392156862,0.00392156862745098,0.16030979203068085,7.62958079576495e-05,0
0.011718758617407232,0.19607843137254902,0.00392156862745098,0.0,0.6806439307240406,0.6786602578774701,9.155413138017853e-05,0.7647058823529411,0.00392156862745098,0.26577854203068085,7.62958079576495e-05,0
0.011718758617407232,0.19607843137254902,0.00392156862745098,0.0,0.30908674753948273,0.5628137636377508,9.155413138017853e-05,0.050980392156862744,0.00392156862745098,0.9298410420306809,7.62958079576495e-05,0
0.011718758617407232,0.19607843137254902,0.00392156862745098,0.0,0.11671625848783093,0.2869306477454795,9.155413138017853e-05,0.49019607843137253,0.00392156862745098,0.16421604203068085,7.62958079576495e-05,0
0.011718758617407232,0.19607843137254902,0.00392156862745098,0.0,0.7547722590981918,0.8306095979247731,9.155413138017853e-05,0.6627450980392157,0.00392156862745098,0.20327854203068085,7.62958079576495e-05,0
0.011718758617407232,0.19607843137254902,0.00392156862745098,0.0,0.6669108110170138,0.3980926222629129,9.155413138017853e-05,0.2549019607843137,0.00392156862745098,0.9220285420306809,7.62958079576495e-05,0
0.011718758617407232,0.19607843137254902,0.00392156862745098,0.0,0.008361943999389639,0.5147173266193636,9.155413138017853e-05,0.44313725490196076,0.00392156862745098,0.7189035420306809,7.62958079576495e-05,0
0.011718758617407232,0.19607843137254902,0.00392156862745098,0.0,0.18704509040970474,0.4486610208285649,9.155413138017853e-05,0.09803921568627451,0.00392156862745098,0.9571847920306809,7.62958079576495e-05,0
0.011718758617407232,0.19607843137254902,0.00392156862745098,0.0,0.7739681086442359,0.07708857862211033,9.155413138017853e-05,0.5098039215686274,0.00392156862745098,0.9337472920306809,7.62958079576495e-05,0
0.011718758617407232,0.19607843137254902,0.00392156862745098,0.0,0.2285648889906157,0.42536049439230944,9.155413138017853e-05,0.8352941176470589,0.00392156862745098,0.9220285420306809,7.62958079576495e-05,0
0.011718758617407232,0.19607843137254902,0.00392156862745098,0.0,0.3608300907911803,0.609094377050431,9.155413138017853e-05,0.4,0.00392156862745098,0.6642160420306809,7.62958079576495e-05,0
0.011718758617407232,0.19607843137254902,0.00392156862745098,0.0,0.8065308613717861,0.8610818646524758,9.155413138017853e-05,0.4823529411764706,0.00392156862745098,0.5821847920306809,7.62958079576495e-05,0
0.011718758617407232,0.19607843137254902,0.00392156862745098,0.0,0.01625085831998169,0.20521858548867017,9.155413138017853e-05,0.4549019607843137,0.00392156862745098,0.6798410420306809,7.62958079576495e-05,0
0.011718758617407232,0.19607843137254902,0.00392156862745098,0.0,0.727168688487068,0.6233005264362554,9.155413138017853e-05,0.26666666666666666,0.00392156862745098,0.6173410420306809,7.62958079576495e-05,0
0.011718758617407232,0.19607843137254902,0.00392156862745098,0.0,0.9462272068360418,0.40953688868543525,9.155413138017853e-05,0.050980392156862744,0.00392156862745098,0.19937229203068085,7.62958079576495e-05,0
0.011718758617407232,0.19607843137254902,0.00392156862745098,0.0,0.6896314946211948,0.5774929427023727,9.155413138017853e-05,0.6823529411764706,0.00392156862745098,0.15640354203068085,7.62958079576495e-05,0
0.011718758617407232,0.19607843137254902,0.00392156862745098,0.0,0.8379034103913939,0.665842679484245,9.155413138017853e-05,0.5647058823529412,0.00392156862745098,0.6876535420306809,7.62958079576495e-05,0
0.011718758617407232,0.19607843137254902,0.00392156862745098,0.0,0.6539253833829252,0.7405813687342642,9.155413138017853e-05,0.403921568627451,0.00392156862745098,0.9337472920306809,7.62958079576495e-05,0
0.011718758617407232,0.19607843137254902,0.00392156862745098,0.0,0.41684596017395287,0.21533531700617992,9.155413138017853e-05,0.2235294117647059,0.00392156862745098,0.7657785420306809,7.62958079576495e-05,0
0.011718758617407232,0.19607843137254902,0.00392156862745098,0.0,0.9903410391393912,0.09500267032883192,9.155413138017853e-05,0.3137254901960784,0.00392156862745098,0.31265354203068085,7.62958079576495e-05,0
0.011718758617407232,0.19607843137254902,0.00392156862745098,0.0,0.5512626840619517,0.17639429312581065,9.155413138017853e-05,0.21568627450980393,0.00392156862745098,0.14859104203068085,7.62958079576495e-05,0
0.011718758617407232,0.19607843137254902,0.00392156862745098,0.0,0.4042877851529717,0.5458915083543144,9.155413138017853e-05,0.6235294117647059,0.00392156862745098,0.40249729203068085,7.62958079576495e-05,0
0.011718758617407232,0.19607843137254902,0.00392156862745098,0.0,0.9170672159914549,0.7858091096360723,9.155413138017853e-05,0.7372549019607844,0.00392156862745098,0.21890354203068085,7.62958079576495e-05,0
0.011718758617407232,0.19607843137254902,0.00392156862745098,0.0,0.707011520561532,0.9799496452277409,9.155413138017853e-05,0.5294117647058824,0.00392156862745098,0.21499729203068085,7.62958079576495e-05,0
0.011718758617407232,0.19607843137254902,0.00392156862745098,0.0,0.526665140764477,0.49922941939421683,9.155413138017853e-05,0.26666666666666666,0.00392156862745098,0.24234104203068085,7.62958079576495e-05,0
0.011718758617407232,0.19607843137254902,0.00392156862745098,0.0,0.36351567864499884,0.9040512703135729,9.155413138017853e-05,0.10980392156862745,0.00392156862745098,0.09390354203068085,7.62958079576495e-05,0
0.011718758617407232,0.19607843137254902,0.00392156862745098,0.0,0.2221103227283131,0.5499961852445259,9.155413138017853e-05,0.41568627450980394,0.00392156862745098,0.6603097920306809,7.62958079576495e-05,0
0.011718758617407232,0.19607843137254902,0.00392156862745098,0.0,0.7925993743801022,0.863035019455253,9.155413138017853e-05,0.3843137254901961,0.00392156862745098,0.08609104203068085,7.62958079576495e-05,0
0.011718758617407232,0.19607843137254902,0.00392156862745098,0.0,0.25786221103227286,0.9179217212176699,9.155413138017853e-05,0.20784313725490197,0.00392156862745098,0.9806222920306809,7.62958079576495e-05,0
0.011718758617407232,0.19607843137254902,0.00392156862745098,0.0,0.04806591897459373,0.8993667505912871,9.155413138017853e-05,0.592156862745098,0.00392156862745098,0.9337472920306809,7.62958079576495e-05,0
0.011718758617407232,0.19607843137254902,0.00392156862745098,0.0,0.1770199130235752,0.016815442130159456,9.155413138017853e-05,0.28627450980392155,0.00392156862745098,0.7853097920306809,7.62958079576495e-05,0
0.011718758617407232,0.19607843137254902,0.00392156862745098,0.0,0.7036240177004655,0.6379339284351873,9.155413138017853e-05,0.8745098039215686,0.00392156862745098,0.43374729203068085,7.62958079576495e-05,0
0.011718758617407232,0.19607843137254902,0.00392156862745098,0.0,0.16678110933089188,0.047516594186312655,9.155413138017853e-05,0.9450980392156862,0.00392156862745098,0.6446847920306809,7.62958079576495e-05,0
0.011718758617407232,0.19607843137254902,0.00392156862745098,0.0,0.6327763790341039,0.8783245593957427,9.155413138017853e-05,0.5098039215686274,0.00392156862745098,0.7892160420306809,7.62958079576495e-05,0
0.011718758617407232,0.19607843137254902,0.00392156862745098,0.0,0.9292591744869154,0.6334172579537651,9.155413138017853e-05,0.13333333333333333,0.00392156862745098,0.8087472920306809,7.62958079576495e-05,0
0.011718758617407232,0.19607843137254902,0.00392156862745098,0.0,0.46765850308995194,0.10412756542305639,9.155413138017853e-05,0.058823529411764705,0.00392156862745098,0.41030979203068085,7.62958079576495e-05,0
0.011718758617407232,0.19607843137254902,0.00392156862745098,0.0,0.2135805294880598,0.22583352407110704,9.155413138017853e-05,0.2980392156862745,0.00392156862745098,0.00015354203068085334,7.62958079576495e-05,0
0.011718758617407232,0.19607843137254902,0.00392156862745098,0.0,0.32739757381551843,0.3640039673456931,9.155413138017853e-05,0.5019607843137255,0.00392156862745098,0.10171604203068085,7.62958079576495e-05,0
0.011718758617407232,0.19607843137254902,0.00392156862745098,0.0,0.633371480888075,0.18580910963607233,9.155413138017853e-05,1.0,0.00392156862745098,0.5157785420306809,7.62958079576495e-05,0
0.011718758617407232,0.19607843137254902,0.00392156862745098,0.0,0.7759517814908065,0.9512321660181582,9.155413138017853e-05,0.050980392156862744,0.00392156862745098,0.31655979203068085,7.62958079576495e-05,0
0.011718758617407232,0.19607843137254902,0.00392156862745098,0.0,0.4132295719844358,0.4115205615320058,9.155413138017853e-05,0.22745098039215686,0.00392156862745098,0.6173410420306809,7.62958079576495e-05,0
0.011718758617407232,0.19607843137254902,0.00392156862745098,0.0,0.8149691004806592,0.1445792324711986,9.155413138017853e-05,0.4627450980392157,0.00392156862745098,0.015778542030680853,7.62958079576495e-05,0
0.011718758617407232,0.19607843137254902,0.00392156862745098,0.0,0.631662470435645,0.25052262149996185,9.155413138017853e-05,0.4588235294117647,0.00392156862745098,0.33999729203068085,7.62958079576495e-05,0
0.011718758617407232,0.19607843137254902,0.00392156862745098,0.0,0.9336842908369574,0.7185626001373312,9.155413138017853e-05,0.984313725490196,0.00392156862745098,0.6368722920306809,7.62958079576495e-05,0
0.011718758617407232,0.19607843137254902,0.00392156862745098,0.0,0.09498741130693522,0.8557869840543221,9.155413138017853e-05,0.1450980392156863,0.00392156862745098,0.5079660420306809,7.62958079576495e-05,0
0.011718758617407232,0.19607843137254902,0.00392156862745098,0.0,0.690775921263447,0.3207293812466621,9.155413138017853e-05,0.9725490196078431,0.00392156862745098,0.05874729203068085,7.62958079576495e-05,0
0.011718758617407232,0.19607843137254902,0.00392156862745098,0.0,0.3719386587319753,0.2734569314106966,9.155413138017853e-05,0.47843137254901963,0.00392156862745098,0.9493722920306809,7.62958079576495e-05,0
0.011718758617407232,0.19607843137254902,0.00392156862745098,0.0,0.9389028763256275,0.47397573815518423,9.155413138017853e-05,0.5176470588235295,0.00392156862745098,0.14468479203068085,7.62958079576495e-05,0
0.011718758617407232,0.19607843137254902,0.00392156862745098,0.0,0.05772487983520257,0.9893797207598993,9.155413138017853e-05,0.7215686274509804,0.00392156862745098,0.40249729203068085,7.62958079576495e-05,0
0.011718758617407232,0.19607843137254902,0.00392156862745098,0.0,0.4515602349889372,0.6151216906996262,9.155413138017853e-05,0.7490196078431373,0.00392156862745098,0.7345285420306809,7.62958079576495e-05,0
0.011718758617407232,0.19607843137254902,0.00392156862745098,0.0,0.3902952620737011,0.7436484321355001,9.155413138017853e-05,0.43529411764705883,0.00392156862745098,0.26968479203068085,7.62958079576495e-05,0
0.011718758617407232,0.19607843137254902,0.00392156862745098,0.0,0.12951857785915924,0.9240253299763486,9.155413138017853e-05,0.15294117647058825,0.00392156862745098,0.8243722920306809,7.62958079576495e-05,0
0.011718758617407232,0.19607843137254902,0.00392156862745098,0.0,0.6992141603723201,0.1539940489814603,9.155413138017853e-05,0.8705882352941177,0.00392156862745098,0.41812229203068085,7.62958079576495e-05,0
0.011718758617407232,0.19607843137254902,0.00392156862745098,0.0,0.546013580529488,0.6603494316014343,9.155413138017853e-05,0.6274509803921569,0.00392156862745098,0.9376535420306809,7.62958079576495e-05,0
0.011718758617407232,0.19607843137254902,0.00392156862745098,0.0,0.593865873197528,0.16620126649881742,9.155413138017853e-05,0.4666666666666667,0.00392156862745098,0.7853097920306809,7.62958079576495e-05,0
0.011718758617407232,0.19607843137254902,0.00392156862745098,0.0,0.04753185320820935,0.06062409399557488,9.155413138017853e-05,0.8274509803921568,0.00392156862745098,0.12905979203068085,7.62958079576495e-05,0
0.011718758617407232,0.19607843137254902,0.00392156862745098,0.0,0.8175326161593042,0.29063859006637677,9.155413138017853e-05,0.054901960784313725,0.00392156862745098,0.8595285420306809,7.62958079576495e-05,0
0.011718758617407232,0.19607843137254902,0.00392156862745098,0.0,0.8168917372396429,0.5619439993896391,9.155413138017853e-05,0.047058823529411764,0.00392156862745098,0.6368722920306809,7.62958079576495e-05,0
0.011718758617407232,0.19607843137254902,0.00392156862745098,0.0,0.7670862897688259,0.11410696574349584,9.155413138017853e-05,0.03529411764705882,0.00392156862745098,0.00015354203068085334,7.62958079576495e-05,0
0.011718758617407232,0.19607843137254902,0.00392156862745098,0.0,0.4052491035324636,0.5506523231860838,9.155413138017853e-05,0.12156862745098039,0.00392156862745098,0.8360910420306809,7.62958079576495e-05,0
0.011718758617407232,0.19607843137254902,0.00392156862745098,0.0,0.8936140993362326,0.04127565423056382,9.155413138017853e-05,0.7137254901960784,0.00392156862745098,0.10952854203068085,7.62958079576495e-05,0
0.011718758617407232,0.19607843137254902,0.00392156862745098,0.0,0.34398413061722743,0.11241321431296254,9.155413138017853e-05,0.8980392156862745,0.00392156862745098,0.32827854203068085,7.62958079576495e-05,0
0.011718758617407232,0.19607843137254902,0.00392156862745098,0.0,0.1770656900892653,0.7225146868085756,9.155413138017853e-05,0.00392156862745098,0.00392156862745098,0.23843479203068085,7.62958079576495e-05,0
0.011718758617407232,0.19607843137254902,0.00392156862745098,0.0,0.28993667505912873,0.616586556801709,9.155413138017853e-05,0.8352941176470589,0.00392156862745098,0.41421604203068085,7.62958079576495e-05,0
0.011718758617407232,0.19607843137254902,0.00392156862745098,0.0,0.935561150530251,0.7830319676508736,9.155413138017853e-05,0.0784313725490196,0.00392156862745098,0.37124729203068085,7.62958079576495e-05,0
0.011718758617407232,0.19607843137254902,0.00392156862745098,0.0,0.9323109788662547,0.3652857251850156,9.155413138017853e-05,0.396078431372549,0.00392156862745098,0.8712472920306809,7.62958079576495e-05,0
0.01171875908306852,0.19607843137254902,0.00392156862745098,0.0,0.0,0.0002136263065537499,0.00012207217517357137,0.0196078431372549,0.07450980392156863,0.0704660421060055,7.629953416458946e-05,1
0.01171875908306852,0.19607843137254902,0.00392156862745098,0.0,0.0,0.0002136263065537499,0.00012207217517357137,0.0196078431372549,0.3607843137254902,0.07046604220842975,7.629953416458946e-05,1
0.01171875908306852,0.19607843137254902,0.00392156862745098,0.0,0.0,0.0002136263065537499,0.00012207217517357137,0.0196078431372549,0.8666666666666667,0.07046604207731058,7.629953416458946e-05,1
0.01171875908306852,0.19607843137254902,0.00392156862745098,0.0,0.0,0.0002136263065537499,0.00012207217517357137,0.0196078431372549,0.0196078431372549,0.07046604217034946,7.629953416458946e-05,1
0.01171875908306852,0.19607843137254902,0.00392156862745098,0.0,0.0,0.0002136263065537499,0.00012207217517357137,0.0196078431372549,0.9882352941176471,0.07046604208892109,7.629953416458946e-05,1
0.01171875908306852,0.19607843137254902,0.00392156862745098,0.0,0.0,0.0002136263065537499,0.00012207217517357137,0.0196078431372549,0.1843137254901961,0.07046604225722931,7.629953416458946e-05,1
0.01171875908306852,0.19607843137254902,0.00392156862745098,0.0,0.0,0.0002136263065537499,0.00012207217517357137,0.0196078431372549,0.7098039215686275,0.07046604205738533,7.629953416458946e-05,1
0.01171875908306852,0.19607843137254902,0.00392156862745098,0.0,0.0,0.0002136263065537499,0.00012207217517357137,0.0196078431372549,0.8666666666666667,0.07046604211385221,7.629953416458946e-05,1
0.01171875908306852,0.19607843137254902,0.00392156862745098,0.0,0.0,0.0002136263065537499,0.00012207217517357137,0.0196078431372549,0.9647058823529412,0.07046604210449071,7.629953416458946e-05,1
0.01171875908306852,0.19607843137254902,0.00392156862745098,0.0,0.0,0.0002136263065537499,0.00012207217517357137,0.0196078431372549,0.2196078431372549,0.07046604217296239,7.629953416458946e-05,1
0.01171875908306852,0.19607843137254902,0.00392156862745098,0.0,0.0,0.0002136263065537499,0.00012207217517357137,0.0196078431372549,0.38823529411764707,0.07046604214366285,7.629953416458946e-05,1
0.01171875908306852,0.19607843137254902,0.00392156862745098,0.0,0.0,0.0002136263065537499,0.00012207217517357137,0.0196078431372549,0.39215686274509803,0.07046604213530756,7.629953416458946e-05,1
0.01171875908306852,0.19607843137254902,0.00392156862745098,0.0,0.0,0.0002136263065537499,0.00012207217517357137,0.0196078431372549,0.7529411764705882,0.07046604206319204,7.629953416458946e-05,1
0.01171875908306852,0.19607843137254902,0.00392156862745098,0.0,0.0,0.0002136263065537499,0.00012207217517357137,0.0196078431372549,0.12156862745098039,0.0704660420643504,7.629953416458946e-05,1
0.01171875908306852,0.19607843137254902,0.00392156862745098,0.0,0.0,0.0002136263065537499,0.00012207217517357137,0.0196078431372549,0.6470588235294118,0.07046604209896404,7.629953416458946e-05,1
0.01171875908306852,0.19607843137254902,0.00392156862745098,0.0,0.0,0.0002136263065537499,0.00012207217517357137,0.0196078431372549,0.47843137254901963,0.07046604203432734,7.629953416458946e-05,1
0.01171875908306852,0.19607843137254902,0.00392156862745098,0.0,0.0,0.0002136263065537499,0.00012207217517357137,0.0196078431372549,0.3686274509803922,0.07046604218748845,7.629953416458946e-05,1
0.01171875908306852,0.19607843137254902,0.00392156862745098,0.0,0.0,0.0002136263065537499,0.00012207217517357137,0.0196078431372549,0.03137254901960784,0.07046604217949787,7.629953416458946e-05,1
0.01171875908306852,0.19607843137254902,0.00392156862745098,0.0,0.0,0.0002136263065537499,0.00012207217517357137,0.0196078431372549,0.9254901960784314,0.07046604217658328,7.629953416458946e-05,1
0.01171875908306852,0.19607843137254902,0.00392156862745098,0.0,0.0,0.0002136263065537499,0.00012207217517357137,0.0196078431372549,0.19215686274509805,0.07046604206283828,7.629953416458946e-05,1
